<?xml version="1.0" encoding="utf-8"?>
<!--
- phpMyAdmin XML Dump
- version 4.7.2
- https://www.phpmyadmin.net
-
- Servidor: localhost
- Temps de generació: 24-10-2017 a les 12:23:27
- Versió del servidor: 5.6.35
- Versió de PHP: 7.1.6
-->

<pma_xml_export version="1.0" xmlns:pma="https://www.phpmyadmin.net/some_doc_url/">
    <!--
    - Structure schemas
    -->
    <pma:structure_schemas>
        <pma:database name="youeram" collation="utf8_unicode_ci" charset="utf8">
            <pma:table name="media">
                CREATE TABLE `media` (
                  `media_titol` varchar(50) COLLATE utf8_unicode_ci NOT NULL,
                  `media_descripcio` varchar(300) COLLATE utf8_unicode_ci NOT NULL,
                  `media_assignatura` varchar(50) COLLATE utf8_unicode_ci NOT NULL,
                  `media_curs` tinyint(2) NOT NULL,
                  `media_any` year(4) NOT NULL,
                  `media_nom_treball` varchar(100) COLLATE utf8_unicode_ci NOT NULL,
                  `media_tipus` int(20) NOT NULL,
                  `media_id` smallint(5) unsigned NOT NULL AUTO_INCREMENT,
                  PRIMARY KEY (`media_id`)
                ) ENGINE=InnoDB DEFAULT CHARSET=utf8 COLLATE=utf8_unicode_ci;
            </pma:table>
        </pma:database>
    </pma:structure_schemas>

    <!--
    - Base de dades: 'youeram'
    -->
    <database name="youeram">
        <!-- Taula media -->
    </database>
</pma_xml_export>